model,k,n_users_evaluated,precision_at_k,recall_at_k,map_at_k,ndcg_at_k,n_neighbors,n_factors,embedding_dim,hidden_dims,n_layers,samples_per_epoch,num_heads,num_blocks,max_seq_len
neural_cf,2,1915,0.3733681462140992,0.7261966927763273,0.6087467362924281,0.6418512787817945,,,8.0,16|8,,,,,
lightgcn_tuned,2,1915,0.3412532637075718,0.6622280243690165,0.5814621409921671,0.6052032834755056,,,24.0,,2.0,24000.0,,,
sasrec_tuned,2,1915,0.33211488250652743,0.6449956483899042,0.5797650130548303,0.5992235707620607,,,16.0,,,,2.0,1.0,12.0
implicit_mf,2,1915,0.3033942558746736,0.5905134899912967,0.5486945169712794,0.5624695928199871,,3.0,,,,,,,
popularity,2,1915,0.3185378590078329,0.6152306353350739,0.4600522193211488,0.5030862649488407,,,,,,,,,
item_knn,2,1915,0.21462140992167103,0.408964316797215,0.33616187989556134,0.3578395246130445,3.0,,,,,,,,
